"specimen_no","sex","process_date","preservation_day","standard_length_mm","fork_length_mm","total_length_mm","weight_g","processor_id","flag"
"fish_01","M","2014-06-11",0,"69.32",74.27,NA,"3.42","1",NA
"fish_02","M","2014-06-11",0,"65.16",70.64,NA,"2.89","1",NA
"fish_03","M","2014-06-11",0,"62",66.42,NA,"2.73","1",NA
"fish_04","M","2014-06-11",0,"60.17",63.92,NA,"2.04","1",NA
"fish_05","M","2014-06-11",0,"64.72",69.51,NA,"2.49","1",NA
"fish_06","M","2014-06-11",0,"72.23",77.28,NA,"3.64","1",NA
"fish_07","M","2014-06-11",0,"82.24",87.98,NA,"5.51","1",NA
"fish_08","M","2014-06-11",0,"67.72",72.63,NA,"2.78","1",NA
"fish_09","M","2014-06-11",0,"70.32",74.33,NA,"3.09","1",NA
"fish_10","M","2014-06-11",0,"78.04",84.07,NA,"5.18","1",NA
"fish_11","M","2014-06-11",0,"68.43",73.77,NA,"3.21","1",NA
"fish_12","M","2014-06-11",0,"63.69",67.85,NA,"2.17","1",NA
"fish_13","M","2014-06-11",0,"65.36",69.75,NA,"2.58","1",NA
"fish_14","M","2014-06-11",0,"65.07",68.37,"75.62","3.07","1",NA
"fish_15","M","2014-06-11",0,"63.88",68.01,"73.4","2.26","1",NA
"fish_16","M","2014-06-11",0,"65.15",69.04,"74.22","2.85","1",NA
"fish_17","M","2014-06-11",0,"67.77",72.08,"77.19","2.91","1",NA
"fish_18","M","2014-06-11",0,"56.73",61.18,"65.56","1.94","1",NA
"fish_19","M","2014-06-11",0,"62.09",67.05,"71.18","2.49","1",NA
"fish_20","M","2014-06-11",0,"66.68",71.71,"76.38","3.05","1",NA
"fish_21","M","2014-06-11",0,"69.45",74.38,"78.67","3.19","1",NA
"fish_22","M","2014-06-11",0,"62.28",66.78,"71.01","2.42","1",NA
"fish_23","M","2014-06-11",0,"58.43",62.86,"66.7","1.95","1",NA
"fish_24","M","2014-06-11",0,"60.48",64.39,"68.2","1.96","1",NA
"fish_25","M","2014-06-11",0,"62.1",67.67,"72.12","2.56","1",NA
"fish_26","F","2014-06-11",0,"70.78",75.45,"80.61","3.05","1",NA
"fish_27","F","2014-06-11",0,"76.49",82.22,"87.18","4.2","1",NA
"fish_28","F","2014-06-11",0,"79.13",83.91,"91.08","6.15","1",NA
"fish_29","F","2014-06-11",0,"84.24",90.33,"98","7.13","1",NA
"fish_30","F","2014-06-11",0,"79.29",84.87,"91.38","4.91","1",NA
"fish_31","F","2014-06-11",0,"80.79",86.83,"91.11","5.3","1",NA
"fish_32","F","2014-06-11",0,"75.73",80.89,"87.15","4.12","1",NA
"fish_33","F","2014-06-11",0,"65.88",70.71,"75.04","2.93","1",NA
"fish_34","F","2014-06-11",0,"73.8",79.29,"84.09","4.51","1",NA
"fish_35","F","2014-06-11",0,"69.92",74.33,"80.53","3.47","1",NA
"fish_36","F","2014-06-11",0,"61.73",65.88,"71.44","2.35","1",NA
"fish_37","F","2014-06-11",0,"72.4",78.4,"83.97","4.53","1",NA
"fish_38","F","2014-06-11",0,"84.02",90.54,"97.01","5.12","1",NA
"fish_39","F","2014-06-11",0,"66.35",70.52,"76.36","2.69","1",NA
"fish_40","F","2014-06-11",0,"66.57",71.14,"76.51","3.12","1",NA
"fish_41","F","2014-06-11",0,"73.37",78.12,"84.65","3.63","1",NA
"fish_42","F","2014-06-11",0,"75.34",80.29,"86.57","3.87","1",NA
"fish_43","F","2014-06-11",0,"73.98",79.77,"86.24","4.12","1",NA
"fish_44","F","2014-06-11",0,"73.07",78.57,"83.67","3.8","1",NA
"fish_45","F","2014-06-11",0,"68.68",74.12,"80.15","3.23","1",NA
"fish_46","F","2014-06-11",0,"63",67.25,"73.41","2.68","1",NA
"fish_47","F","2014-06-11",0,"76.13",82.09,"88.34","4.25","1",NA
"fish_48","F","2014-06-11",0,"71.46",77,"81.12","3.07","1",NA
"fish_01","M","2014-06-18",7,"67.7",72.8,"77.03","3.886","1",NA
"fish_02","M","2014-06-18",7,"65.19",68.89,"73.98","3.3226","1",NA
"fish_03","M","2014-06-18",7,"61.47",65.99,"69.92","3.1584","1",NA
"fish_04","M","2014-06-18",7,"59.63",63.58,"65.46","2.362","1",NA
"fish_05","M","2014-06-18",7,"62.11",68.39,"71.89","2.8517","1",NA
"fish_06","M","2014-06-18",7,"71.3",75.45,"79.98","4.2228","1",NA
"fish_07","M","2014-06-18",7,"82.12",86.81,"91.53","6.3182","1",NA
"fish_08","M","2014-06-18",7,"66.48",70.51,"74.28","3.2057","1",NA
"fish_09","M","2014-06-18",7,"68.61",73.7,"77.37","3.5525","1",NA
"fish_10","M","2014-06-18",7,"76.72",81.71,"87.37","5.8252","1",NA
"fish_11","M","2014-06-18",7,"67.49",71.96,"75.99","3.6196","1",NA
"fish_12","M","2014-06-18",7,"62.05",65.8,"70.88","2.465","1",NA
"fish_13","M","2014-06-18",7,"65.05",67.13,"71.85","2.9576","1",NA
"fish_14","M","2014-06-18",7,"63.75",67.94,"72.38","3.4866","1",NA
"fish_15","M","2014-06-18",7,"62.55",64.88,"70.68","2.5659","1",NA
"fish_16","M","2014-06-18",7,"63.91",67.08,"71.48","3.2864","1",NA
"fish_17","M","2014-06-18",7,"65.01",69.7,"74.93","3.2689","1",NA
"fish_18","M","2014-06-18",7,"56.18",59.64,"64.38","2.2221","1",NA
"fish_19","M","2014-06-18",7,"61.11",65.15,"69.95","2.8164","1",NA
"fish_20","M","2014-06-18",7,"65.8",69.76,"73.57","3.459","1",NA
"fish_21","M","2014-06-18",7,"68.24",72.49,"76.22","3.6628","1",NA
"fish_22","M","2014-06-18",7,"60.46",65.18,"68.64","2.7418","1",NA
"fish_23","M","2014-06-18",7,"57.09",60.38,"64.86","2.2317","1",NA
"fish_24","M","2014-06-18",7,"58.92",62.7,"66.26","2.2644","1",NA
"fish_25","M","2014-06-18",7,"62.37",66.14,"69.86","2.9874","1",NA
"fish_26","F","2014-06-18",7,"69.53",73.99,"79.39","3.4493","1",NA
"fish_27","F","2014-06-18",7,"73.05",79.64,"84.82","4.6519","1",NA
"fish_28","F","2014-06-18",7,"76.96",80.74,"88.15","6.6883","1",NA
"fish_29","F","2014-06-18",7,"82.01",87.89,"92.66","7.8623","1",NA
"fish_30","F","2014-06-18",7,"76.55",82.21,"86.98","5.5595","1",NA
"fish_31","F","2014-06-18",7,"77.99",83.25,"88.57","5.9489","1",NA
"fish_32","F","2014-06-18",7,"73.69",77.99,"83.42","4.7057","1",NA
"fish_33","F","2014-06-18",7,"64.74",68.3,"72.26","3.3355","1",NA
"fish_34","F","2014-06-18",7,"70.39",76.02,"80.02","4.8108","1",NA
"fish_35","F","2014-06-18",7,"68.57",71.43,"76.82","3.9218","1",NA
"fish_36","F","2014-06-18",7,"60.6",63.23,"67.98","2.6776","1",NA
"fish_37","F","2014-06-18",7,"71.26",75.57,"80.07","5.0396","1",NA
"fish_38","F","2014-06-18",7,"81.55",86.59,"92.21","5.7989","1",NA
"fish_39","F","2014-06-18",7,"63.3",68.14,"73.08","3.0039","1",NA
"fish_40","F","2014-06-18",7,"64.94",67.89,"72.75","3.5918","1",NA
"fish_41","F","2014-06-18",7,"70.46",74.6,"80.43","4.1032","1",NA
"fish_42","F","2014-06-18",7,"72.63",78.25,"83.28","4.2445","1",NA
"fish_43","F","2014-06-18",7,"71.88",77.01,"82.27","4.6224","1",NA
"fish_44","F","2014-06-18",7,"70.05",74.88,"79.66","4.2865","1",NA
"fish_45","F","2014-06-18",7,"67.32",71.31,"75.96","3.7176","1",NA
"fish_46","F","2014-06-18",7,"61.36",65.08,"69.67","2.9683","1",NA
"fish_47","F","2014-06-18",7,"74.07",79.06,"84.39","4.7051","1",NA
"fish_48","F","2014-06-18",7,"69.4",74.58,"78.38","3.5258","1",NA
"fish_01","M","2014-06-25",14,"66.38",71.74,"77.74","3.8892","1",NA
"fish_02","M","2014-06-25",14,"65.72",69.23,"74.54","3.3101","1",NA
"fish_03","M","2014-06-25",14,"61.4",65.61,"69.56","3.1332","1",NA
"fish_04","M","2014-06-25",14,"59.6",62.59,"66.28","2.3654","1",NA
"fish_05","M","2014-06-25",14,"62.17",67.32,"72.04","2.8405","1",NA
"fish_06","M","2014-06-25",14,"70.03",75.22,"79.27","4.2321","1",NA
"fish_07","M","2014-06-25",14,"81.89",87.52,"91.34","6.3312","1",NA
"fish_08","M","2014-06-25",14,"66.32",70.06,"74.17","3.1667","1",NA
"fish_09","M","2014-06-25",14,"68.7",73.12,"77.57","3.6588","1",NA
"fish_10","M","2014-06-25",14,"75.8",82.16,"87.67","5.8944","1",NA
"fish_11","M","2014-06-25",14,"67.54",71.65,"75.39","3.6901","1",NA
"fish_12","M","2014-06-25",14,"62.65",65.71,"70.85","2.4426","1",NA
"fish_13","M","2014-06-25",14,"63.87",67.81,"71.9","3.0125","1",NA
"fish_14","M","2014-06-25",14,"63.43",68.28,"72.62","3.5235","1",NA
"fish_15","M","2014-06-25",14,"62.7",65.59,"69.82","2.621","1",NA
"fish_16","M","2014-06-25",14,"64.08",67.29,"72.18","3.3263","1",NA
"fish_17","M","2014-06-25",14,"65.73",70.69,"74.97","3.2893","1",NA
"fish_18","M","2014-06-25",14,"55.53",59.13,"63.88","2.236","1",NA
"fish_19","M","2014-06-25",14,"61.12",65.23,"68.94","2.8176","1",NA
"fish_20","M","2014-06-25",14,"66.27",70.11,"73.97","3.5967","1",NA
"fish_21","M","2014-06-25",14,"68.94",72.89,"76.35","3.7006","1",NA
"fish_22","M","2014-06-25",14,"60.27",64.58,"68.41","2.7304","1",NA
"fish_23","M","2014-06-25",14,"57.62",60.55,"64.56","2.2402","1",NA
"fish_24","M","2014-06-25",14,"59.03",62.41,"66.16","2.229","1",NA
"fish_25","M","2014-06-25",14,"61.86",66.46,"69.99","2.937","1",NA
"fish_26","F","2014-06-25",14,"69.46",73.68,"78.83","3.5722","1",NA
"fish_27","F","2014-06-25",14,"74.52",79.43,"84.2","4.74","1",NA
"fish_28","F","2014-06-25",14,"76.93",80.63,"86.96","6.932","1",NA
"fish_29","F","2014-06-25",14,"81.46",87.79,"94","7.8843","1",NA
"fish_30","F","2014-06-25",14,"76.21",82.07,"87.39","5.6125","1",NA
"fish_31","F","2014-06-25",14,"78.38",83.51,"89.09","6.1261","1",NA
"fish_32","F","2014-06-25",14,"73.43",78.84,"83.47","4.8635","1",NA
"fish_33","F","2014-06-25",14,"64.32",68.37,"73.19","3.3998","1",NA
"fish_34","F","2014-06-25",14,"72.73",76.19,"81.18","5.0056","1",NA
"fish_35","F","2014-06-25",14,"68.69",72.22,"77.94","4.0034","1",NA
"fish_36","F","2014-06-25",14,"59.7",62.73,"67.37","2.7176","1",NA
"fish_37","F","2014-06-25",14,"71.41",75.9,"80.96","5.1596","1",NA
"fish_38","F","2014-06-25",14,"81.65",87.54,"91.72","5.9596","1",NA
"fish_39","F","2014-06-25",14,"63.52",67.55,"72.79","3.1206","1",NA
"fish_40","F","2014-06-25",14,"64.13",68.59,"73.54","3.6576","1",NA
"fish_41","F","2014-06-25",14,"69.76",74.64,"79.57","4.2579","1",NA
"fish_42","F","2014-06-25",14,"72.77",78.08,"82.99","4.3887","1",NA
"fish_43","F","2014-06-25",14,"72",76.96,"82.07","4.7518","1",NA
"fish_44","F","2014-06-25",14,"69.95",75.41,"80.08","4.4729","1",NA
"fish_45","F","2014-06-25",14,"66.13",70.44,"75.48","3.8211","1",NA
"fish_46","F","2014-06-25",14,"60.96",64.41,"69.46","3.0625","1",NA
"fish_47","F","2014-06-25",14,"73.6",79.4,"84.54","4.899","1",NA
"fish_48","F","2014-06-25",14,"69.79",73.97,"78.91","3.7328","1",NA
"fish_01","M","2014-07-02",21,"67.76",70.98,NA,"3.8069","1",NA
"fish_02","M","2014-07-02",21,"64.06",68.83,NA,"3.2486","1",NA
"fish_03","M","2014-07-02",21,"61.12",64.98,NA,"3.0784","1",NA
"fish_04","M","2014-07-02",21,"58.75",62.94,NA,"2.31","1",NA
"fish_05","M","2014-07-02",21,"63.17",68.2,NA,"2.8061","1",NA
"fish_06","M","2014-07-02",21,"70.38",74.75,NA,"4.1304","1",NA
"fish_07","M","2014-07-02",21,"81.45",86.5,NA,"6.297","1",NA
"fish_08","M","2014-07-02",21,"65.15",69.93,NA,"3.1204","1",NA
"fish_09","M","2014-07-02",21,"69.13",72.97,NA,"3.5058","1",NA
"fish_10","M","2014-07-02",21,"75.42",82.08,NA,"5.8879","1",NA
"fish_11","M","2014-07-02",21,"67.2",71.38,NA,"3.6365","1",NA
"fish_12","M","2014-07-02",21,"61.86",65.85,NA,"2.4338","1",NA
"fish_13","M","2014-07-02",21,"64.69",67.88,NA,"2.9814","1",NA
"fish_14","M","2014-07-02",21,"64.15",67.99,NA,"3.5084","1",NA
"fish_15","M","2014-07-02",21,"61.27",66.42,NA,"2.5972","1",NA
"fish_16","M","2014-07-02",21,"64.13",68.86,NA,"3.2719","1",NA
"fish_17","M","2014-07-02",21,"66.54",70.48,NA,"3.2901","1",NA
"fish_18","M","2014-07-02",21,"56.48",59.61,NA,"2.2006","1",NA
"fish_19","M","2014-07-02",21,"61.22",65.34,NA,"2.9462","1",NA
"fish_20","M","2014-07-02",21,"66.05",70.24,NA,"3.5826","1",NA
"fish_21","M","2014-07-02",21,"67.96",72.49,NA,"3.6735","1",NA
"fish_22","M","2014-07-02",21,"60.94",65.32,NA,"2.7037","1",NA
"fish_23","M","2014-07-02",21,"56.73",60.29,NA,"2.215","1",NA
"fish_24","M","2014-07-02",21,"59.58",62.47,NA,"2.1988","1",NA
"fish_25","M","2014-07-02",21,"61.18",66.02,NA,"2.8491","1",NA
"fish_26","F","2014-07-02",21,"68.56",73.62,NA,"3.5351","1",NA
"fish_27","F","2014-07-02",21,"74.35",79.51,NA,"4.6837","1",NA
"fish_28","F","2014-07-02",21,"76.08",80.84,NA,"6.8642","1",NA
"fish_29","F","2014-07-02",21,"81.27",87.58,NA,"7.9341","1",NA
"fish_30","F","2014-07-02",21,"76.47",82.49,NA,"5.5847","1",NA
"fish_31","F","2014-07-02",21,"77.9",83.17,NA,"6.0534","1",NA
"fish_32","F","2014-07-02",21,"73.22",78.13,NA,"4.7537","1",NA
"fish_33","F","2014-07-02",21,"62.69",68.52,NA,"3.3431","1",NA
"fish_34","F","2014-07-02",21,"72.61",76.21,NA,"4.9425","1",NA
"fish_35","F","2014-07-02",21,"66.88",71.87,NA,"3.8664","1",NA
"fish_36","F","2014-07-02",21,"60.58",63.92,NA,"2.6823","1",NA
"fish_37","F","2014-07-02",21,"71.81",75.28,NA,"5.1586","1",NA
"fish_38","F","2014-07-02",21,"81.52",87.32,NA,"5.9569","1",NA
"fish_39","F","2014-07-02",21,"63.81",68.79,NA,"3.1083","1",NA
"fish_40","F","2014-07-02",21,"64.99",68.3,NA,"3.6029","1",NA
"fish_41","F","2014-07-02",21,"70.06",75.93,NA,"4.2374","1",NA
"fish_42","F","2014-07-02",21,"72.75",78.8,NA,"4.413","1",NA
"fish_43","F","2014-07-02",21,"72.5",77.53,NA,"4.7414","1",NA
"fish_44","F","2014-07-02",21,"70.31",74.67,NA,"4.3999","1",NA
"fish_45","F","2014-07-02",21,"66.01",70.79,NA,"3.7797","1",NA
"fish_46","F","2014-07-02",21,"60.88",64.68,NA,"2.9803","1",NA
"fish_47","F","2014-07-02",21,"73.92",80.21,NA,"4.8782","1",NA
"fish_48","F","2014-07-02",21,"69.82",74.41,NA,"3.7013","1",NA
"fish_01","M","2014-07-09",28,"67.49",71.58,NA,"3.8752","1",NA
"fish_02","M","2014-07-09",28,"64.61",69.47,NA,"3.319","1",NA
"fish_03","M","2014-07-09",28,"61.13",65.61,NA,"3.1219","1",NA
"fish_04","M","2014-07-09",28,"58.82",63.15,NA,"2.3312","1",NA
"fish_05","M","2014-07-09",28,"63.32",67.28,NA,"2.8097","1",NA
"fish_06","M","2014-07-09",28,"70.14",74.85,NA,"4.1694","1",NA
"fish_07","M","2014-07-09",28,"80.61",85.67,NA,"6.3573","1",NA
"fish_08","M","2014-07-09",28,"65.3",69.98,NA,"3.1336","1",NA
"fish_09","M","2014-07-09",28,"68.53",73.02,NA,"3.5443","1",NA
"fish_10","M","2014-07-09",28,"75.49",81.86,NA,"5.9206","1",NA
"fish_11","M","2014-07-09",28,"67.13",71.59,NA,"3.7125","1",NA
"fish_12","M","2014-07-09",28,"61.71",65.95,NA,"2.4642","1",NA
"fish_13","M","2014-07-09",28,"64.07",67.75,NA,"2.984","1",NA
"fish_14","M","2014-07-09",28,"64.41",68.11,NA,"3.4981","1",NA
"fish_15","M","2014-07-09",28,"62.65",65.79,NA,"2.5707","1",NA
"fish_16","M","2014-07-09",28,"63.67",66.96,NA,"3.2505","1",NA
"fish_17","M","2014-07-09",28,"65.94",70.21,NA,"3.2673","1",NA
"fish_18","M","2014-07-09",28,"56.44",59.02,NA,"2.197","1",NA
"fish_19","M","2014-07-09",28,"61.61",64.81,NA,"2.8298","1",NA
"fish_20","M","2014-07-09",28,"65.47",69.45,NA,"3.4812","1",NA
"fish_21","M","2014-07-09",28,"67.74",70.89,NA,"3.6401","1",NA
"fish_22","M","2014-07-09",28,"61.33",65.1,NA,"2.726","1",NA
"fish_23","M","2014-07-09",28,"56.26",60.19,NA,"2.1921","1",NA
"fish_24","M","2014-07-09",28,"58.57",62.18,NA,"2.189","1",NA
"fish_25","M","2014-07-09",28,"61.58",65.83,NA,"2.9076","1",NA
"fish_26","F","2014-07-09",28,"70.41",74.18,NA,"3.6183","1",NA
"fish_27","F","2014-07-09",28,"73.24",79.34,NA,"4.7447","1",NA
"fish_28","F","2014-07-09",28,"76.07",80.31,NA,"6.8848","1",NA
"fish_29","F","2014-07-09",28,"81.52",86.75,NA,"8.046","1",NA
"fish_30","F","2014-07-09",28,"76.53",80.66,NA,"5.6067","1",NA
"fish_31","F","2014-07-09",28,"78.59",82.15,NA,"6.1216","1",NA
"fish_32","F","2014-07-09",28,"73.35",78.16,NA,"4.8638","1",NA
"fish_33","F","2014-07-09",28,"63.35",68.28,NA,"3.3577","1",NA
"fish_34","F","2014-07-09",28,"71.7",76.29,NA,"4.9895","1",NA
"fish_35","F","2014-07-09",28,"67.61",72.1,NA,"3.9388","1",NA
"fish_36","F","2014-07-09",28,"59.1",63.4,NA,"2.7285","1",NA
"fish_37","F","2014-07-09",28,"71.53",75.93,NA,"5.1687","1",NA
"fish_38","F","2014-07-09",28,"81.21",87.93,NA,"5.9503","1",NA
"fish_39","F","2014-07-09",28,"63.7",68.09,NA,"3.061","1",NA
"fish_40","F","2014-07-09",28,"64.16",68.04,NA,"3.5589","1",NA
"fish_41","F","2014-07-09",28,"70.34",74.22,NA,"4.2049","1",NA
"fish_42","F","2014-07-09",28,"72.09",78.5,NA,"4.4304","1",NA
"fish_43","F","2014-07-09",28,"71.91",77.13,NA,"4.7254","1",NA
"fish_44","F","2014-07-09",28,"70.38",75.9,NA,"4.3642","1",NA
"fish_45","F","2014-07-09",28,"66.33",71.17,NA,"3.7162","1",NA
"fish_46","F","2014-07-09",28,"60.12",64.39,NA,"2.978","1",NA
"fish_47","F","2014-07-09",28,"73.91",78.46,NA,"4.9228","1",NA
"fish_48","F","2014-07-09",28,"69.94",73.71,NA,"3.6634","1",NA
"fish_01","M","2014-07-23",42,"66.8",72.51,NA,"3.8326","1",NA
"fish_02","M","2014-07-23",42,"65.16",68.88,NA,"3.2801","1",NA
"fish_03","M","2014-07-23",42,"60.22",65.28,NA,"3.0707","1",NA
"fish_04","M","2014-07-23",42,"58.77",62.53,NA,"2.2976","1",NA
"fish_05","M","2014-07-23",42,"63.05",67.73,NA,"2.7891","1",NA
"fish_06","M","2014-07-23",42,"70.28",74.92,NA,"4.1514","1",NA
"fish_07","M","2014-07-23",42,"81.25",86.21,NA,"6.3637","1",NA
"fish_08","M","2014-07-23",42,"64.74",69.87,NA,"3.1318","1",NA
"fish_09","M","2014-07-23",42,"68.1",72.75,NA,"3.5099","1",NA
"fish_10","M","2014-07-23",42,"75.9",81.5,NA,"5.9112","1",NA
"fish_11","M","2014-07-23",42,"66.64",71.66,NA,"3.6265","1",NA
"fish_12","M","2014-07-23",42,"62.1",66.23,NA,"2.4452","1",NA
"fish_13","M","2014-07-23",42,"63.73",67.78,NA,"2.9487","1",NA
"fish_14","M","2014-07-23",42,"63.95",67.97,NA,"3.4849","1",NA
"fish_15","M","2014-07-23",42,"61.92",65.87,NA,"2.5601","1",NA
"fish_16","M","2014-07-23",42,"63.59",68.41,NA,"3.2502","1",NA
"fish_17","M","2014-07-23",42,"65.67",69.56,NA,"3.266","1",NA
"fish_18","M","2014-07-23",42,"55.67",58.47,NA,"2.1812","1",NA
"fish_19","M","2014-07-23",42,"61.42",65.94,NA,"2.8232","1",NA
"fish_20","M","2014-07-23",42,"66.29",70.23,NA,"3.4922","1",NA
"fish_21","M","2014-07-23",42,"67.81",72.02,NA,"3.5861","1",NA
"fish_22","M","2014-07-23",42,"60.44",65.06,NA,"2.6942","1",NA
"fish_23","M","2014-07-23",42,"57.45",60.64,NA,"2.2076","1",NA
"fish_24","M","2014-07-23",42,"58.69",62.07,NA,"2.1652","1",NA
"fish_25","M","2014-07-23",42,"62.28",65.99,NA,"2.8363","1",NA
"fish_26","F","2014-07-23",42,"69.75",73.54,NA,"3.6058","1",NA
"fish_27","F","2014-07-23",42,"74.21",79.06,NA,"4.7573","1",NA
"fish_28","F","2014-07-23",42,"75.48",81.11,NA,"6.7295","1",NA
"fish_29","F","2014-07-23",42,"81.12",87.75,NA,"7.9768","1",NA
"fish_30","F","2014-07-23",42,"76.06",81.44,NA,"5.5559","1",NA
"fish_31","F","2014-07-23",42,"77.47",83.03,NA,"6.0703","1",NA
"fish_32","F","2014-07-23",42,"73.27",77.81,NA,"4.8157","1",NA
"fish_33","F","2014-07-23",42,"63.6",68.44,NA,"3.2912","1",NA
"fish_34","F","2014-07-23",42,"72.93",76.1,NA,"4.9951","1",NA
"fish_35","F","2014-07-23",42,"68.54",71.72,NA,"3.9294","1",NA
"fish_36","F","2014-07-23",42,"60.08",63.81,NA,"2.7213","1",NA
"fish_37","F","2014-07-23",42,"70.78",76,NA,"5.1437","1",NA
"fish_38","F","2014-07-23",42,"79.6",85.64,NA,"5.9602","1",NA
"fish_39","F","2014-07-23",42,"63.81",68.13,NA,"3.0687","1",NA
"fish_40","F","2014-07-23",42,"65.17",69.05,NA,"3.5791","1",NA
"fish_41","F","2014-07-23",42,"70.82",75.39,NA,"4.1715","1",NA
"fish_42","F","2014-07-23",42,"73.09",79.41,NA,"4.3881","1",NA
"fish_43","F","2014-07-23",42,"71.35",77.21,NA,"4.7168","1",NA
"fish_44","F","2014-07-23",42,"70.16",74.37,NA,"4.5388","1",NA
"fish_45","F","2014-07-23",42,"66.6",71.67,NA,"3.7275","1",NA
"fish_46","F","2014-07-23",42,"61.64",64.33,NA,"2.9255","1",NA
"fish_47","F","2014-07-23",42,"74.39",78.66,NA,"4.9267","1",NA
"fish_48","F","2014-07-23",42,"69.89",73.97,NA,"3.6449","1",NA
"fish_01","M","2014-08-06",56,"68.69",72.04,NA,"3.8368","1",NA
"fish_02","M","2014-08-06",56,"64.45",69.51,NA,"3.2635","1",NA
"fish_03","M","2014-08-06",56,"60.9",65.14,NA,"3.0637","1",NA
"fish_04","M","2014-08-06",56,"58.6",63.94,NA,"2.2984","1",NA
"fish_05","M","2014-08-06",56,"62.91",67.53,NA,"2.7862","1",NA
"fish_06","M","2014-08-06",56,"70.75",75.19,NA,"4.1572","1",NA
"fish_07","M","2014-08-06",56,"80.61",86.78,NA,"6.3133","1",NA
"fish_08","M","2014-08-06",56,"65.55",70.18,NA,"3.0735","1",NA
"fish_09","M","2014-08-06",56,"68.19",72.74,NA,"3.5019","1",NA
"fish_10","M","2014-08-06",56,"75.67",81.64,NA,"5.8673","1",NA
"fish_11","M","2014-08-06",56,"67.3",72.09,NA,"3.6478","1",NA
"fish_12","M","2014-08-06",56,"61.32",66.03,NA,"2.42","1",NA
"fish_13","M","2014-08-06",56,"63.26",66.96,NA,"2.9584","1",NA
"fish_14","M","2014-08-06",56,"64.53",68.11,NA,"3.468","1",NA
"fish_15","M","2014-08-06",56,"62.85",66.02,NA,"2.5556","1",NA
"fish_16","M","2014-08-06",56,"63.82",67.32,NA,"3.2524","1",NA
"fish_17","M","2014-08-06",56,"66.39",70.37,NA,"3.258","1",NA
"fish_18","M","2014-08-06",56,"55.81",59.06,NA,"2.1853","1",NA
"fish_19","M","2014-08-06",56,"61.75",64.54,NA,"2.8293","1",NA
"fish_20","M","2014-08-06",56,"65.2",70.22,NA,"3.4642","1",NA
"fish_21","M","2014-08-06",56,"67.34",71.76,NA,"3.608","1",NA
"fish_22","M","2014-08-06",56,"60.56",64.72,NA,"2.679","1",NA
"fish_23","M","2014-08-06",56,"56.67",60.66,NA,"2.1965","1",NA
"fish_24","M","2014-08-06",56,"58.58",61.83,NA,"2.1581","1",NA
"fish_25","M","2014-08-06",56,"61.78",65.78,NA,"2.8603","1",NA
"fish_26","F","2014-08-06",56,"68.49",73.74,NA,"3.5778","1",NA
"fish_27","F","2014-08-06",56,"74.03",79.58,NA,"4.7058","1",NA
"fish_28","F","2014-08-06",56,"75.64",81.03,NA,"6.7713","1",NA
"fish_29","F","2014-08-06",56,"80.99",87.43,NA,"8.0473","1",NA
"fish_30","F","2014-08-06",56,"75.86",80.99,NA,"5.652","1",NA
"fish_31","F","2014-08-06",56,"77.61",83.34,NA,"6.0529","1",NA
"fish_32","F","2014-08-06",56,"72.5",78.74,NA,"4.899","1",NA
"fish_33","F","2014-08-06",56,"62.65",68.8,NA,"3.2748","1",NA
"fish_34","F","2014-08-06",56,"71.4",75.83,NA,"5.0429","1",NA
"fish_35","F","2014-08-06",56,"67.31",71.24,NA,"3.9401","1",NA
"fish_36","F","2014-08-06",56,"58.98",63.24,NA,"2.6406","1",NA
"fish_37","F","2014-08-06",56,"71.84",75.26,NA,"5.0789","1",NA
"fish_38","F","2014-08-06",56,"80.29",86.4,NA,"5.9384","1",NA
"fish_39","F","2014-08-06",56,"62.76",68.02,NA,"3.0284","1",NA
"fish_40","F","2014-08-06",56,"64.97",68.95,NA,"3.5409","1",NA
"fish_41","F","2014-08-06",56,"69.75",74.94,NA,"4.1167","1",NA
"fish_42","F","2014-08-06",56,"72.19",78.49,NA,"4.3504","1",NA
"fish_43","F","2014-08-06",56,"71.73",77.23,NA,"4.696","1",NA
"fish_44","F","2014-08-06",56,"70.99",76.05,NA,"4.3373","1",NA
"fish_45","F","2014-08-06",56,"66.62",71.07,NA,"3.6853","1",NA
"fish_46","F","2014-08-06",56,"61.27",64.7,NA,"2.9249","1",NA
"fish_47","F","2014-08-06",56,"72.74",78.87,NA,"4.8252","1",NA
"fish_48","F","2014-08-06",56,"68.74",74.14,NA,"3.6512","1",NA
"fish_01","M","2014-08-20",70,"67.5",72.49,NA,"3.7924","1",NA
"fish_02","M","2014-08-20",70,"64.69",69.91,NA,"3.2007","1",NA
"fish_03","M","2014-08-20",70,"61.59",65.61,NA,"3.0369","1",NA
"fish_04","M","2014-08-20",70,"58.97",63.58,NA,"2.2703","1",NA
"fish_05","M","2014-08-20",70,"63.09",67.67,NA,"2.578","1","outlier"
"fish_06","M","2014-08-20",70,"70.52",75.23,NA,"4.1387","1",NA
"fish_07","M","2014-08-20",70,"80.59",86.53,NA,"6.3271","1",NA
"fish_08","M","2014-08-20",70,"65.68",70.12,NA,"3.1043","1",NA
"fish_09","M","2014-08-20",70,"68.86",73.25,NA,"3.4591","1",NA
"fish_10","M","2014-08-20",70,"75.91",82.19,NA,"5.9583","1",NA
"fish_11","M","2014-08-20",70,"65.98",71.95,NA,"3.6383","1",NA
"fish_12","M","2014-08-20",70,"62.44",67.31,NA,"2.4247","1",NA
"fish_13","M","2014-08-20",70,"63.75",67.84,NA,"2.9144","1",NA
"fish_14","M","2014-08-20",70,"63.33",68.77,NA,"3.4241","1",NA
"fish_15","M","2014-08-20",70,"63.11",67.74,NA,"2.5521","1",NA
"fish_16","M","2014-08-20",70,"63.8",67.82,NA,"3.2378","1",NA
"fish_17","M","2014-08-20",70,"65.82",70,NA,"3.222","1",NA
"fish_18","M","2014-08-20",70,"56.17",59.41,NA,"2.1664","1",NA
"fish_19","M","2014-08-20",70,"61.29",65.42,NA,"2.8175","1",NA
"fish_20","M","2014-08-20",70,"66.35",71.15,NA,"3.4473","1",NA
"fish_21","M","2014-08-20",70,"67.14",72.54,NA,"3.5812","1",NA
"fish_22","M","2014-08-20",70,"60.97",64.79,NA,"2.6861","1",NA
"fish_23","M","2014-08-20",70,"57.27",60.68,NA,"2.1964","1",NA
"fish_24","M","2014-08-20",70,"58.61",61.39,NA,"2.1645","1",NA
"fish_25","M","2014-08-20",70,"61.71",66.16,NA,"2.8422","1",NA
"fish_26","F","2014-08-20",70,"69.21",73.83,NA,"3.5194","1",NA
"fish_27","F","2014-08-20",70,"73.6",79.52,NA,"4.6418","1",NA
"fish_28","F","2014-08-20",70,"76.17",81.34,NA,"6.773","1",NA
"fish_29","F","2014-08-20",70,"81.8",86.41,NA,"7.9337","1",NA
"fish_30","F","2014-08-20",70,"76.69",81.34,NA,"5.5551","1",NA
"fish_31","F","2014-08-20",70,"77.65",83.38,NA,"5.999","1",NA
"fish_32","F","2014-08-20",70,"72.7",78.47,NA,"4.81","1",NA
"fish_33","F","2014-08-20",70,"63.69",69.08,NA,"3.285","1",NA
"fish_34","F","2014-08-20",70,"72.08",76.52,NA,"5.0217","1",NA
"fish_35","F","2014-08-20",70,"67.74",72.07,NA,"3.9154","1",NA
"fish_36","F","2014-08-20",70,"60.3",63.79,NA,"2.6354","1",NA
"fish_37","F","2014-08-20",70,"71.1",75.58,NA,"5.0599","1",NA
"fish_38","F","2014-08-20",70,"80.52",87.44,NA,"5.8951","1",NA
"fish_39","F","2014-08-20",70,"63.44",68.22,NA,"2.999","1",NA
"fish_40","F","2014-08-20",70,"64.53",68.39,NA,"3.5069","1",NA
"fish_41","F","2014-08-20",70,"70.56",75.7,NA,"4.0649","1",NA
"fish_42","F","2014-08-20",70,"72.89",79.64,NA,"4.3589","1",NA
"fish_43","F","2014-08-20",70,"71.6",77.34,NA,"4.6784","1",NA
"fish_44","F","2014-08-20",70,"70.34",75.07,NA,"4.2878","1",NA
"fish_45","F","2014-08-20",70,"65.75",70.95,NA,"3.6694","1",NA
"fish_46","F","2014-08-20",70,"60.97",64.69,NA,"2.8963","1",NA
"fish_47","F","2014-08-20",70,"74.81",79.3,NA,"4.8275","1",NA
"fish_48","F","2014-08-20",70,"68.98",74.31,NA,"3.6637","1",NA
"fish_01","M","2014-09-03",84,"67.27",71.86,NA,"3.7918","1",NA
"fish_02","M","2014-09-03",84,"65.22",69.32,NA,"3.1743","1",NA
"fish_03","M","2014-09-03",84,"61.3",65.66,NA,"3.0223","1",NA
"fish_04","M","2014-09-03",84,"58.91",62.65,NA,"2.2533","1",NA
"fish_05","M","2014-09-03",84,"62.3",67.94,NA,"2.7547","1",NA
"fish_06","M","2014-09-03",84,"70.29",75.15,NA,"4.1364","1",NA
"fish_07","M","2014-09-03",84,"80.68",85.88,NA,"6.3123","1",NA
"fish_08","M","2014-09-03",84,"65.3",70.29,NA,"3.0991","1",NA
"fish_09","M","2014-09-03",84,"68.5",72.68,NA,"3.4747","1",NA
"fish_10","M","2014-09-03",84,"76.38",82.29,NA,"5.9256","1",NA
"fish_11","M","2014-09-03",84,"66.55",71.95,NA,"3.6276","1",NA
"fish_12","M","2014-09-03",84,"61.67",65.72,NA,"2.4124","1",NA
"fish_13","M","2014-09-03",84,"64.06",68.05,NA,"2.8787","1",NA
"fish_14","M","2014-09-03",84,"63.74",67.99,NA,"3.4193","1",NA
"fish_15","M","2014-09-03",84,"61.55",65.82,NA,"2.5508","1",NA
"fish_16","M","2014-09-03",84,"63.58",67.02,NA,"3.2229","1",NA
"fish_17","M","2014-09-03",84,"65.25",70.91,NA,"3.2073","1",NA
"fish_18","M","2014-09-03",84,"55.95",59.2,NA,"2.1434","1",NA
"fish_19","M","2014-09-03",84,"61.17",64.94,NA,"2.814","1",NA
"fish_20","M","2014-09-03",84,"65.87",70.05,NA,"3.4309","1",NA
"fish_21","M","2014-09-03",84,"67.52",72.51,NA,"3.5547","1",NA
"fish_22","M","2014-09-03",84,"60.12",64.75,NA,"2.6674","1",NA
"fish_23","M","2014-09-03",84,"56.47",60.85,NA,"2.191","1",NA
"fish_24","M","2014-09-03",84,"58.74",62.13,NA,"2.1267","1",NA
"fish_25","M","2014-09-03",84,"62.2",66.16,NA,"2.8154","1",NA
"fish_26","F","2014-09-03",84,"69.02",73.56,NA,"3.4757","1",NA
"fish_27","F","2014-09-03",84,"74.18",79.29,NA,"4.6364","1",NA
"fish_28","F","2014-09-03",84,"75.95",81.76,NA,"6.7503","1",NA
"fish_29","F","2014-09-03",84,"81.57",87.37,NA,"8.0239","1",NA
"fish_30","F","2014-09-03",84,"77.06",82.17,NA,"5.6068","1",NA
"fish_31","F","2014-09-03",84,"77.58",83.29,NA,"5.9777","1",NA
"fish_32","F","2014-09-03",84,"73.21",78.77,NA,"4.8069","1",NA
"fish_33","F","2014-09-03",84,"63.39",69.54,NA,"3.2279","1",NA
"fish_34","F","2014-09-03",84,"71.74",76.24,NA,"5.0127","1",NA
"fish_35","F","2014-09-03",84,"67.36",71.23,NA,"3.8025","1",NA
"fish_36","F","2014-09-03",84,"60.02",63.56,NA,"2.6437","1",NA
"fish_37","F","2014-09-03",84,"71.93",76.46,NA,"5.0385","1",NA
"fish_38","F","2014-09-03",84,"80.78",86.81,NA,"5.8576","1",NA
"fish_39","F","2014-09-03",84,"63.17",67.89,NA,"3.0104","1",NA
"fish_40","F","2014-09-03",84,"64.61",68.9,NA,"3.5225","1",NA
"fish_41","F","2014-09-03",84,"70.84",75.49,NA,"4.0833","1",NA
"fish_42","F","2014-09-03",84,"73.15",79.08,NA,"4.3817","1",NA
"fish_43","F","2014-09-03",84,"71.48",76.77,NA,"4.6695","1",NA
"fish_44","F","2014-09-03",84,"70.4",75.6,NA,"4.2672","1",NA
"fish_45","F","2014-09-03",84,"66.2",70.39,NA,"3.6629","1",NA
"fish_46","F","2014-09-03",84,"60.04",64.77,NA,"2.8918","1",NA
"fish_47","F","2014-09-03",84,"73.74",78.93,NA,"4.8383","1",NA
"fish_48","F","2014-09-03",84,"69.42",75.06,NA,"3.6244","1",NA
"fish_01","M","2014-09-17",98,"67.02",71.97,NA,"3.7642","1",NA
"fish_02","M","2014-09-17",98,"64.56",69.12,NA,"3.1696","1",NA
"fish_03","M","2014-09-17",98,"61.16",65.18,NA,"3.0352","1",NA
"fish_04","M","2014-09-17",98,"58.89",63.1,NA,"2.2494","1",NA
"fish_05","M","2014-09-17",98,"63.88",68.64,NA,"2.7699","1",NA
"fish_06","M","2014-09-17",98,"70.79",74.71,NA,"4.1581","1",NA
"fish_07","M","2014-09-17",98,"79.9",86.55,NA,"6.3682","1",NA
"fish_08","M","2014-09-17",98,"65.68",69.82,NA,"3.1243","1",NA
"fish_09","M","2014-09-17",98,"68.35",72.69,NA,"3.4733","1",NA
"fish_10","M","2014-09-17",98,"76.57",82.69,NA,"5.9439","1",NA
"fish_11","M","2014-09-17",98,"66.29",71.43,NA,"3.6711","1",NA
"fish_12","M","2014-09-17",98,"61.12",65.55,NA,"2.3912","1",NA
"fish_13","M","2014-09-17",98,"63.55",67.91,NA,"2.88","1",NA
"fish_14","M","2014-09-17",98,"63.6",68.38,NA,"3.4331","1",NA
"fish_15","M","2014-09-17",98,"62.15",65.76,NA,"2.5728","1",NA
"fish_16","M","2014-09-17",98,"63.03",66.75,NA,"3.1916","1",NA
"fish_17","M","2014-09-17",98,"65.57",70.43,NA,"3.2158","1",NA
"fish_18","M","2014-09-17",98,"56.03",59.35,NA,"2.1434","1",NA
"fish_19","M","2014-09-17",98,"60.44",65.25,NA,"2.8213","1",NA
"fish_20","M","2014-09-17",98,"65.51",70.15,NA,"3.4346","1",NA
"fish_21","M","2014-09-17",98,"67.44",71.63,NA,"3.5511","1",NA
"fish_22","M","2014-09-17",98,"59.84",64.55,NA,"2.6692","1",NA
"fish_23","M","2014-09-17",98,"56.37",59.34,NA,"2.1829","1",NA
"fish_24","M","2014-09-17",98,"58.69",62.46,NA,"2.137","1",NA
"fish_25","M","2014-09-17",98,"60.84",65.54,NA,"2.8339","1",NA
"fish_26","F","2014-09-17",98,"69.13",73.62,NA,"3.4976","1",NA
"fish_27","F","2014-09-17",98,"73.89",79.76,NA,"4.6477","1",NA
"fish_28","F","2014-09-17",98,"75.6",80.27,NA,"6.7429","1",NA
"fish_29","F","2014-09-17",98,"81.86",86.9,NA,"7.9692","1",NA
"fish_30","F","2014-09-17",98,"75.36",80.95,NA,"5.6085","1",NA
"fish_31","F","2014-09-17",98,"76.86",82.47,NA,"5.9856","1",NA
"fish_32","F","2014-09-17",98,"73.3",78.11,NA,"4.7567","1",NA
"fish_33","F","2014-09-17",98,"63.41",68.71,NA,"3.226","1",NA
"fish_34","F","2014-09-17",98,"71.98",75.9,NA,"5.0176","1",NA
"fish_35","F","2014-09-17",98,"67.62",71.68,NA,"3.8226","1",NA
"fish_36","F","2014-09-17",98,"60.04",63.48,NA,"2.6295","1",NA
"fish_37","F","2014-09-17",98,"71.77",76.02,NA,"5.0434","1",NA
"fish_38","F","2014-09-17",98,"81.3",87.42,NA,"5.7976","1",NA
"fish_39","F","2014-09-17",98,"63.5",68.13,NA,"3.011","1",NA
"fish_40","F","2014-09-17",98,"64.99",68.45,NA,"3.5061","1",NA
"fish_41","F","2014-09-17",98,"70.06",74.93,NA,"4.0877","1",NA
"fish_42","F","2014-09-17",98,"72.23",79.42,NA,"4.3549","1",NA
"fish_43","F","2014-09-17",98,"71.57",76.88,NA,"4.6883","1",NA
"fish_44","F","2014-09-17",98,"70.45",75.89,NA,"4.2105","1",NA
"fish_45","F","2014-09-17",98,"65.71",70.69,NA,"3.6232","1",NA
"fish_46","F","2014-09-17",98,"59.61",64.01,NA,"2.8831","1",NA
"fish_47","F","2014-09-17",98,"73.82",78.3,NA,"4.8438","1",NA
"fish_48","F","2014-09-17",98,"70.18",73.91,NA,"3.5208","1",NA
"fish_01","M","2014-10-01",112,"66.85",71.67,NA,"3.7796","1",NA
"fish_02","M","2014-10-01",112,"64.22",69.4,NA,"3.1821","1",NA
"fish_03","M","2014-10-01",112,"60.95",65.14,NA,"3.0485","1",NA
"fish_04","M","2014-10-01",112,"58.08",63.14,NA,"2.2536","1",NA
"fish_05","M","2014-10-01",112,"62.67",67.39,NA,"2.7415","1",NA
"fish_06","M","2014-10-01",112,"69.66",75.31,NA,"4.1342","1",NA
"fish_07","M","2014-10-01",112,"79.89",86.4,NA,"6.2961","1",NA
"fish_08","M","2014-10-01",112,"65.3",69.45,NA,"3.1212","1",NA
"fish_09","M","2014-10-01",112,"68.25",72.62,NA,"3.4616","1",NA
"fish_10","M","2014-10-01",112,"76.2",82.5,NA,"5.8723","1",NA
"fish_11","M","2014-10-01",112,"66.14",71.25,NA,"3.6094","1",NA
"fish_12","M","2014-10-01",112,"62.18",65.36,NA,"2.3912","1",NA
"fish_13","M","2014-10-01",112,"63.44",66.86,NA,"2.8803","1",NA
"fish_14","M","2014-10-01",112,"63.48",68.14,NA,"3.4422","1",NA
"fish_15","M","2014-10-01",112,"62.35",65.8,NA,"2.5412","1",NA
"fish_16","M","2014-10-01",112,"63.8",67.4,NA,"3.1953","1",NA
"fish_17","M","2014-10-01",112,"65.32",70.32,NA,"3.1826","1",NA
"fish_18","M","2014-10-01",112,"55.63",59.08,NA,"2.1575","1",NA
"fish_19","M","2014-10-01",112,"60.64",65.33,NA,"2.8198","1",NA
"fish_20","M","2014-10-01",112,"65.49",69.99,NA,"3.4505","1",NA
"fish_21","M","2014-10-01",112,"67.31",72.51,NA,"3.5395","1",NA
"fish_22","M","2014-10-01",112,"60.2",64.84,NA,"2.6615","1",NA
"fish_23","M","2014-10-01",112,"56.68",60.49,NA,"2.195","1",NA
"fish_24","M","2014-10-01",112,"58.53",61.92,NA,"2.1169","1",NA
"fish_25","M","2014-10-01",112,"61.73",66.09,NA,"2.8042","1",NA
"fish_26","F","2014-10-01",112,"68.77",73.43,NA,"3.4903","1",NA
"fish_27","F","2014-10-01",112,"73.83",79.69,NA,"4.6994","1",NA
"fish_28","F","2014-10-01",112,"75.13",80.4,NA,"6.7257","1",NA
"fish_29","F","2014-10-01",112,"81.95",87.52,NA,"7.9824","1",NA
"fish_30","F","2014-10-01",112,"76.58",81.55,NA,"5.6055","1",NA
"fish_31","F","2014-10-01",112,"77.68",83.18,NA,"5.9524","1",NA
"fish_32","F","2014-10-01",112,"73.48",77.8,NA,"4.5971","1",NA
"fish_33","F","2014-10-01",112,"63.12",67.03,NA,"3.1402","1",NA
"fish_34","F","2014-10-01",112,"72.1",76.11,NA,"4.9629","1",NA
"fish_35","F","2014-10-01",112,"68.3",71.69,NA,"3.8135","1",NA
"fish_36","F","2014-10-01",112,"60.15",63.54,NA,"2.6067","1",NA
"fish_37","F","2014-10-01",112,"71.23",75.65,NA,"5.0698","1",NA
"fish_38","F","2014-10-01",112,"80.66",86.78,NA,"5.8099","1",NA
"fish_39","F","2014-10-01",112,"63",67.47,NA,"3.0143","1",NA
"fish_40","F","2014-10-01",112,"64.15",68.78,NA,"3.513","1",NA
"fish_41","F","2014-10-01",112,"69.8",75.05,NA,"4.0751","1",NA
"fish_42","F","2014-10-01",112,"72.58",79.03,NA,"4.3009","1",NA
"fish_43","F","2014-10-01",112,"71.71",77.79,NA,"4.6654","1",NA
"fish_44","F","2014-10-01",112,"70.22",74.74,NA,"4.2382","1",NA
"fish_45","F","2014-10-01",112,"66.24",70.83,NA,"3.6552","1",NA
"fish_46","F","2014-10-01",112,"61.19",64.8,NA,"2.8937","1",NA
"fish_47","F","2014-10-01",112,"73.68",78.62,NA,"4.8019","1",NA
"fish_48","F","2014-10-01",112,"69.22",74.22,NA,"3.5141","1",NA
"fish_01","M","2014-10-15",126,"67.05",72.6,NA,"3.5766","1","outlier"
"fish_02","M","2014-10-15",126,"64.95",69.93,NA,"3.1693","1",NA
"fish_03","M","2014-10-15",126,"61.36",65.05,NA,"3.016","1",NA
"fish_04","M","2014-10-15",126,"58.97",63.06,NA,"2.2475","1",NA
"fish_05","M","2014-10-15",126,"62.17",67.46,NA,"2.7425","1",NA
"fish_06","M","2014-10-15",126,"69.63",74.85,NA,"4.0852","1",NA
"fish_07","M","2014-10-15",126,"80.19",85.68,NA,"6.276","1",NA
"fish_08","M","2014-10-15",126,"64.87",69.64,NA,"3.1179","1",NA
"fish_09","M","2014-10-15",126,"67.93",72.92,NA,"3.4736","1",NA
"fish_10","M","2014-10-15",126,"76.16",81.95,NA,"5.8001","1",NA
"fish_11","M","2014-10-15",126,"66.64",72.16,NA,"3.5929","1",NA
"fish_12","M","2014-10-15",126,"61.09",65.52,NA,"2.3884","1",NA
"fish_13","M","2014-10-15",126,"63.67",67.94,NA,"2.8727","1",NA
"fish_14","M","2014-10-15",126,"63.76",68.43,NA,"3.4383","1",NA
"fish_15","M","2014-10-15",126,"61.96",66.48,NA,"2.5323","1",NA
"fish_16","M","2014-10-15",126,"63.35",67.17,NA,"3.1788","1",NA
"fish_17","M","2014-10-15",126,"64.6",69.69,NA,"3.1632","1",NA
"fish_18","M","2014-10-15",126,"55.85",59.4,NA,"2.1843","1",NA
"fish_19","M","2014-10-15",126,"60.7",65.12,NA,"2.827","1",NA
"fish_20","M","2014-10-15",126,"65.64",69.95,NA,"3.4285","1",NA
"fish_21","M","2014-10-15",126,"67.33",72.49,NA,"3.5499","1",NA
"fish_22","M","2014-10-15",126,"60.42",64.56,NA,"2.6669","1",NA
"fish_23","M","2014-10-15",126,"56.01",59.87,NA,"2.2012","1",NA
"fish_24","M","2014-10-15",126,"58.81",62.32,NA,"2.1294","1",NA
"fish_25","M","2014-10-15",126,"61.51",65.81,NA,"2.8207","1",NA
"fish_26","F","2014-10-15",126,"69.26",73.97,NA,"3.4842","1",NA
"fish_27","F","2014-10-15",126,"73.81",79.1,NA,"4.6895","1",NA
"fish_28","F","2014-10-15",126,"75.77",80.83,NA,"6.773","1",NA
"fish_29","F","2014-10-15",126,"81.65",87.55,NA,"7.9775","1",NA
"fish_30","F","2014-10-15",126,"76.57",81.53,NA,"5.5686","1",NA
"fish_31","F","2014-10-15",126,"77.5",83.34,NA,"5.9863","1",NA
"fish_32","F","2014-10-15",126,"72.91",78.02,NA,"4.7182","1",NA
"fish_33","F","2014-10-15",126,"63.39",69.52,NA,"3.3317","1",NA
"fish_34","F","2014-10-15",126,"72.01",76.25,NA,"4.9467","1",NA
"fish_35","F","2014-10-15",126,"66.99",71.56,NA,"3.8631","1",NA
"fish_36","F","2014-10-15",126,"59.65",63.5,NA,"2.642","1",NA
"fish_37","F","2014-10-15",126,"72.25",75.76,NA,"5.0508","1",NA
"fish_38","F","2014-10-15",126,"80.92",86.72,NA,"5.8471","1",NA
"fish_39","F","2014-10-15",126,"62.73",67.63,NA,"3.0022","1",NA
"fish_40","F","2014-10-15",126,"63.99",68.32,NA,"3.5061","1",NA
"fish_41","F","2014-10-15",126,"70.11",74.87,NA,"4.0651","1",NA
"fish_42","F","2014-10-15",126,"71.8",79.63,NA,"4.3532","1",NA
"fish_43","F","2014-10-15",126,"71.72",76.74,NA,"4.6396","1",NA
"fish_44","F","2014-10-15",126,"70.12",75.64,NA,"4.2297","1",NA
"fish_45","F","2014-10-15",126,"66.63",70.63,NA,"3.5355","1",NA
"fish_46","F","2014-10-15",126,"60.68",64.19,NA,"2.8867","1",NA
"fish_47","F","2014-10-15",126,"73.43",78.43,NA,"4.8238","1",NA
"fish_48","F","2014-10-15",126,"68.99",74.72,NA,"3.5206","1",NA
"fish_01","M","2014-10-29",140,"67.14",72.4,NA,"3.7492","1",NA
"fish_02","M","2014-10-29",140,"65.21",69.45,NA,"3.1575","1",NA
"fish_03","M","2014-10-29",140,"60.77",64.99,NA,"3.0486","1",NA
"fish_04","M","2014-10-29",140,"59.65",63.18,NA,"2.2386","1",NA
"fish_05","M","2014-10-29",140,"62.93",67.86,NA,"2.7279","1",NA
"fish_06","M","2014-10-29",140,"69.9",74.77,NA,"4.0782","1",NA
"fish_07","M","2014-10-29",140,"80.2",86.36,NA,"6.2657","1",NA
"fish_08","M","2014-10-29",140,"65.3",70.04,NA,"3.1125","1",NA
"fish_09","M","2014-10-29",140,"68.41",72.53,NA,"3.441","1",NA
"fish_10","M","2014-10-29",140,"76.06",82.44,NA,"5.8153","1",NA
"fish_11","M","2014-10-29",140,"66.1",71.6,NA,"3.5756","1",NA
"fish_12","M","2014-10-29",140,"61.74",65.96,NA,"2.3784","1",NA
"fish_13","M","2014-10-29",140,"63.68",67.23,NA,"2.8562","1",NA
"fish_14","M","2014-10-29",140,"63.67",68,NA,"3.4219","1",NA
"fish_15","M","2014-10-29",140,"61.54",65.53,NA,"2.4909","1",NA
"fish_16","M","2014-10-29",140,"63.02",65.71,NA,"3.1683","1",NA
"fish_17","M","2014-10-29",140,"65.59",70.51,NA,"3.1597","1",NA
"fish_18","M","2014-10-29",140,"55.26",59.97,NA,"2.1378","1",NA
"fish_19","M","2014-10-29",140,"60.84",64.8,NA,"2.811","1",NA
"fish_20","M","2014-10-29",140,"65.68",70.03,NA,"3.4051","1",NA
"fish_21","M","2014-10-29",140,"67.62",72.55,NA,"3.5101","1",NA
"fish_22","M","2014-10-29",140,"60.21",65.14,NA,"2.6523","1",NA
"fish_23","M","2014-10-29",140,"56.4",60.5,NA,"2.182","1",NA
"fish_24","M","2014-10-29",140,"58.13",62.13,NA,"2.1316","1",NA
"fish_25","M","2014-10-29",140,"62.11",66.34,NA,"2.8037","1",NA
"fish_26","F","2014-10-29",140,"69.43",73.84,NA,"3.4526","1",NA
"fish_27","F","2014-10-29",140,"73.95",81.16,NA,"4.6322","1",NA
"fish_28","F","2014-10-29",140,"76.15",81.11,NA,"6.7146","1",NA
"fish_29","F","2014-10-29",140,"81.41",87.64,NA,"7.9567","1",NA
"fish_30","F","2014-10-29",140,"76.86",81.62,NA,"5.4735","1",NA
"fish_31","F","2014-10-29",140,"78.06",83.48,NA,"5.5942","1",NA
"fish_32","F","2014-10-29",140,"73.19",78.78,NA,"4.6769","1",NA
"fish_33","F","2014-10-29",140,"63.41",68.13,NA,"3.2187","1",NA
"fish_34","F","2014-10-29",140,"71.38",75.24,NA,"4.953","1",NA
"fish_35","F","2014-10-29",140,"67.58",71.94,NA,"3.8157","1",NA
"fish_36","F","2014-10-29",140,"59.51",64.42,NA,"2.5886","1",NA
"fish_37","F","2014-10-29",140,"71.25",76.12,NA,"5.0293","1",NA
"fish_38","F","2014-10-29",140,"80.24",87.09,NA,"5.8246","1",NA
"fish_39","F","2014-10-29",140,"63.09",67.93,NA,"2.9738","1",NA
"fish_40","F","2014-10-29",140,"64.27",68.3,NA,"3.4969","1",NA
"fish_41","F","2014-10-29",140,"70.74",75.89,NA,"4.0838","1",NA
"fish_42","F","2014-10-29",140,"72.96",79.45,NA,"4.3256","1",NA
"fish_43","F","2014-10-29",140,"71.67",76.91,NA,"4.6478","1",NA
"fish_44","F","2014-10-29",140,"70.44",75.51,NA,"4.2278","1",NA
"fish_45","F","2014-10-29",140,"65.91",70.37,NA,"3.6085","1",NA
"fish_46","F","2014-10-29",140,"61.18",65,NA,"2.887","1",NA
"fish_47","F","2014-10-29",140,"73.7",78.85,NA,"4.7849","1",NA
"fish_48","F","2014-10-29",140,"69.24",74.26,NA,"3.5787","1",NA
"fish_01","M","2014-11-12",154,"66.93",72.41,NA,"3.757","1",NA
"fish_02","M","2014-11-12",154,"64.86",70.28,NA,"3.1649","1",NA
"fish_03","M","2014-11-12",154,"60.78",65.09,NA,"3.0359","1",NA
"fish_04","M","2014-11-12",154,"58.29",63.16,NA,"2.2472","1",NA
"fish_05","M","2014-11-12",154,"62.55",68.07,NA,"2.7419","1",NA
"fish_06","M","2014-11-12",154,"70.07",75.05,NA,"4.1336","1",NA
"fish_07","M","2014-11-12",154,"80.5",87,NA,"6.803","1",NA
"fish_08","M","2014-11-12",154,"65.16",69.8,NA,"3.1126","1",NA
"fish_09","M","2014-11-12",154,"68.58",72.39,NA,"3.4679","1",NA
"fish_10","M","2014-11-12",154,"76.76",82.23,NA,"5.8484","1",NA
"fish_11","M","2014-11-12",154,"66.65",71.52,NA,"3.6004","1",NA
"fish_12","M","2014-11-12",154,"61.77",65.93,NA,"2.0044","1",NA
"fish_13","M","2014-11-12",154,"63.57",67.73,NA,"2.8542","1",NA
"fish_14","M","2014-11-12",154,"64.76",68.42,NA,"3.4383","1",NA
"fish_15","M","2014-11-12",154,"62.92",66.14,NA,"2.503","1",NA
"fish_16","M","2014-11-12",154,"63.6",66.9,NA,"3.1879","1",NA
"fish_17","M","2014-11-12",154,"65.39",69.59,NA,"3.166","1",NA
"fish_18","M","2014-11-12",154,"55.84",59.24,NA,"2.1391","1",NA
"fish_19","M","2014-11-12",154,"60.91",65.51,NA,"2.8235","1",NA
"fish_20","M","2014-11-12",154,"65.99",70.11,NA,"3.42","1",NA
"fish_21","M","2014-11-12",154,"66.9",72.19,NA,"3.5419","1",NA
"fish_22","M","2014-11-12",154,"61.04",64.84,NA,"2.6585","1",NA
"fish_23","M","2014-11-12",154,"56.66",60.03,NA,"2.1916","1",NA
"fish_24","M","2014-11-12",154,"58.43",61.71,NA,"2.1271","1",NA
"fish_25","M","2014-11-12",154,"61.88",65.98,NA,"2.8056","1",NA
"fish_26","F","2014-11-12",154,"69.18",73.45,NA,"3.4918","1",NA
"fish_27","F","2014-11-12",154,"73.36",78.99,NA,"4.6843","1",NA
"fish_28","F","2014-11-12",154,"75.73",81.43,NA,"6.737","1",NA
"fish_29","F","2014-11-12",154,"80.59",87.37,NA,"7.9433","1",NA
"fish_30","F","2014-11-12",154,"76.51",81.81,NA,"5.5672","1",NA
"fish_31","F","2014-11-12",154,"78.51",83.88,NA,"5.9629","1",NA
"fish_32","F","2014-11-12",154,"72.84",78.24,NA,"4.7105","1",NA
"fish_33","F","2014-11-12",154,"62.6",67.81,NA,"3.2206","1",NA
"fish_34","F","2014-11-12",154,"72.03",76.13,NA,"4.9744","1",NA
"fish_35","F","2014-11-12",154,"68.06",71.75,NA,"3.815","1",NA
"fish_36","F","2014-11-12",154,"59.62",63.22,NA,"2.6048","1",NA
"fish_37","F","2014-11-12",154,"70.73",75.47,NA,"5.0508","1",NA
"fish_38","F","2014-11-12",154,"81.13",87.12,NA,"5.826","1",NA
"fish_39","F","2014-11-12",154,"63.36",68.3,NA,"2.9633","1",NA
"fish_40","F","2014-11-12",154,"64.43",68.81,NA,"3.5168","1",NA
"fish_41","F","2014-11-12",154,"69.86",74.8,NA,"4.0522","1",NA
"fish_42","F","2014-11-12",154,"71.98",78.41,NA,"4.3388","1",NA
"fish_43","F","2014-11-12",154,"72.19",77.15,NA,"4.6605","1",NA
"fish_44","F","2014-11-12",154,"70.84",76.58,NA,"4.2071","1",NA
"fish_45","F","2014-11-12",154,"66.91",70.89,NA,"3.6295","1",NA
"fish_46","F","2014-11-12",154,"60.95",64.62,NA,"2.901","1",NA
"fish_47","F","2014-11-12",154,"73.8",78.99,NA,"4.8065","1",NA
"fish_48","F","2014-11-12",154,"69.57",74.19,NA,"3.5723","1",NA
"fish_01","M","2014-11-26",168,"66.97",71.9,NA,"3.7559","1",NA
"fish_02","M","2014-11-26",168,"64.13",68.8,NA,"3.1481","1",NA
"fish_03","M","2014-11-26",168,"61.01",65.22,NA,"3.0376","1",NA
"fish_04","M","2014-11-26",168,"59.56",63.34,NA,"2.2392","1",NA
"fish_05","M","2014-11-26",168,"63.11",67.97,NA,"2.739","1",NA
"fish_06","M","2014-11-26",168,"70.64",75.58,NA,"4.1323","1",NA
"fish_07","M","2014-11-26",168,"80.91",86.97,NA,"6.299","1",NA
"fish_08","M","2014-11-26",168,"65.33",69.57,NA,"3.121","1",NA
"fish_09","M","2014-11-26",168,"68.16",73.07,NA,"3.4426","1",NA
"fish_10","M","2014-11-26",168,"76.34",81.96,NA,"5.8728","1",NA
"fish_11","M","2014-11-26",168,"66.69",71.71,NA,"3.556","1",NA
"fish_12","M","2014-11-26",168,"61.62",65.73,NA,"2.3953","1",NA
"fish_13","M","2014-11-26",168,"63.75",67.85,NA,"2.8994","1",NA
"fish_14","M","2014-11-26",168,"63.31",67.99,NA,"3.4196","1",NA
"fish_15","M","2014-11-26",168,"62.23",66.01,NA,"2.4773","1",NA
"fish_16","M","2014-11-26",168,"63.64",68.07,NA,"3.2104","1",NA
"fish_17","M","2014-11-26",168,"64.97",70.08,NA,"3.1811","1",NA
"fish_18","M","2014-11-26",168,"55.71",59.35,NA,"2.1416","1",NA
"fish_19","M","2014-11-26",168,"60.79",65.52,NA,"2.8225","1",NA
"fish_20","M","2014-11-26",168,"65.34",69.58,NA,"3.4193","1",NA
"fish_21","M","2014-11-26",168,"67.42",72.82,NA,"3.5355","1",NA
"fish_22","M","2014-11-26",168,"60.07",64.82,NA,"2.6521","1",NA
"fish_23","M","2014-11-26",168,"56.54",60.63,NA,"2.1827","1",NA
"fish_24","M","2014-11-26",168,"58.3",62.01,NA,"2.1342","1",NA
"fish_25","M","2014-11-26",168,"61.69",66.2,NA,"2.7957","1",NA
"fish_26","F","2014-11-26",168,"69.33",73.85,NA,"3.4782","1",NA
"fish_27","F","2014-11-26",168,"73.69",79.81,NA,"4.6375","1",NA
"fish_28","F","2014-11-26",168,"76.06",81.55,NA,"6.6546","1",NA
"fish_29","F","2014-11-26",168,"80.99",87.05,NA,"7.9486","1",NA
"fish_30","F","2014-11-26",168,"75.59",81.3,NA,"5.4837","1",NA
"fish_31","F","2014-11-26",168,"77.71",83.37,NA,"5.9632","1",NA
"fish_32","F","2014-11-26",168,"73.45",77.8,NA,"4.6931","1",NA
"fish_33","F","2014-11-26",168,"63.31",68.18,NA,"3.2307","1",NA
"fish_34","F","2014-11-26",168,"71.34",75.43,NA,"4.9799","1",NA
"fish_35","F","2014-11-26",168,"67.29",71.37,NA,"3.8246","1",NA
"fish_36","F","2014-11-26",168,"59.66",NA,NA,"2.5887","1","nofl"
"fish_37","F","2014-11-26",168,"71.76",76.38,NA,"5.047","1",NA
"fish_38","F","2014-11-26",168,"81.06",87.5,NA,"5.7837","1",NA
"fish_39","F","2014-11-26",168,"62.94",67.22,NA,"2.9764","1",NA
"fish_40","F","2014-11-26",168,"63.77",68.6,NA,"3.5042","1",NA
"fish_41","F","2014-11-26",168,"68.82",74.83,NA,"4.0615","1",NA
"fish_42","F","2014-11-26",168,"72.7",NA,NA,"4.326","1","nofl"
"fish_43","F","2014-11-26",168,"71.71",77.11,NA,"4.6085","1",NA
"fish_44","F","2014-11-26",168,"70.61",75.75,NA,"4.2221","1",NA
"fish_45","F","2014-11-26",168,"65.73",69.55,NA,"3.5928","1",NA
"fish_46","F","2014-11-26",168,"60.05",64.75,NA,"2.8617","1",NA
"fish_47","F","2014-11-26",168,"74.28",78.45,NA,"4.8226","1",NA
"fish_48","F","2014-11-26",168,"69.15",73.52,NA,"3.5122","1",NA
"fish_01","M","2015-06-10",364,"67.61",71.8,NA,"3.7299","1",NA
"fish_02","M","2015-06-10",364,"64.75",68.26,NA,"3.1124","1",NA
"fish_03","M","2015-06-10",364,"61.06",65.31,NA,"3.008","1",NA
"fish_04","M","2015-06-10",364,"58.71",63.25,NA,"2.2132","1",NA
"fish_05","M","2015-06-10",364,"62.42",68.02,NA,"2.6973","1",NA
"fish_06","M","2015-06-10",364,"69.82",75.09,NA,"4.0475","1",NA
"fish_07","M","2015-06-10",364,"81.24",86.9,NA,"6.2282","1",NA
"fish_08","M","2015-06-10",364,"65.7",70.69,NA,"3.0772","1",NA
"fish_09","M","2015-06-10",364,"68.21",74.89,NA,"3.3916","1",NA
"fish_10","M","2015-06-10",364,"76.21",82.06,NA,"5.7675","1",NA
"fish_11","M","2015-06-10",364,"66.55",72.25,NA,"3.4876","1",NA
"fish_12","M","2015-06-10",364,"61.38",65.33,NA,"2.3585","1",NA
"fish_13","M","2015-06-10",364,"63.83",68.04,NA,"2.8117","1",NA
"fish_14","M","2015-06-10",364,"62.76",67.82,NA,"3.3827","1",NA
"fish_15","M","2015-06-10",364,"61.45",66.15,NA,"2.4335","1",NA
"fish_16","M","2015-06-10",364,"63.74",67.96,NA,"3.1372","1",NA
"fish_17","M","2015-06-10",364,"65.61",70.15,NA,"3.1202","1",NA
"fish_18","M","2015-06-10",364,"55.19",59.42,NA,"2.1009","1",NA
"fish_19","M","2015-06-10",364,"61.16",65.88,NA,"2.766","1",NA
"fish_20","M","2015-06-10",364,"65.19",70.03,NA,"3.3744","1",NA
"fish_21","M","2015-06-10",364,"67.32",72.24,NA,"3.4836","1",NA
"fish_22","M","2015-06-10",364,"59.87",64.98,NA,"2.6258","1",NA
"fish_23","M","2015-06-10",364,"56.04",61.26,NA,"2.1351","1",NA
"fish_24","M","2015-06-10",364,"58.38",62.31,NA,"2.087","1",NA
"fish_25","M","2015-06-10",364,"62.15",66.51,NA,"2.7484","1",NA
"fish_26","F","2015-06-10",364,"68.95",74.03,NA,"3.4121","1",NA
"fish_27","F","2015-06-10",364,"73.32",80.37,NA,"4.6129","1",NA
"fish_28","F","2015-06-10",364,"76.27",81.03,NA,"6.5775","1",NA
"fish_29","F","2015-06-10",364,"81.42",88.36,NA,"7.894","1",NA
"fish_30","F","2015-06-10",364,"75.74",81.66,NA,"5.3921","1",NA
"fish_31","F","2015-06-10",364,"77.5",83.33,NA,"5.8721","1",NA
"fish_32","F","2015-06-10",364,"73.48",78.83,NA,"4.6408","1",NA
"fish_33","F","2015-06-10",364,"62.15",68.29,NA,"3.1624","1",NA
"fish_34","F","2015-06-10",364,"72.44",76.61,NA,"4.8992","1",NA
"fish_35","F","2015-06-10",364,"66.66",72.2,NA,"3.7573","1",NA
"fish_36","F","2015-06-10",364,"59.2",NA,"64.3","2.5672","1","nofl"
"fish_37","F","2015-06-10",364,"71.29",76.02,NA,"4.9592","1",NA
"fish_38","F","2015-06-10",364,"81.44",86.81,NA,"5.7501","1",NA
"fish_39","F","2015-06-10",364,"62.68",66.84,NA,"2.927","1",NA
"fish_40","F","2015-06-10",364,"64.52",68.01,NA,"3.4502","1",NA
"fish_41","F","2015-06-10",364,"68.99",74.84,NA,"4.0065","1",NA
"fish_42","F","2015-06-10",364,"71.82",NA,NA,"4.2373","1","nofl"
"fish_43","F","2015-06-10",364,"71.73",76.98,NA,"4.5487","1",NA
"fish_44","F","2015-06-10",364,"69.99",75.81,NA,"4.1822","1",NA
"fish_45","F","2015-06-10",364,"65.71",71.38,NA,"3.5433","1",NA
"fish_46","F","2015-06-10",364,"61.36",64.86,NA,"2.8252","1",NA
"fish_47","F","2015-06-10",364,"73.8",78.44,NA,"4.7711","1",NA
"fish_48","F","2015-06-10",364,"69.96",74.4,NA,"3.4621","1",NA
"fish_01","M","2016-06-08",728,"66.5",71.2,NA,"3.7181","1",NA
"fish_02","M","2016-06-08",728,"64.1",68.4,NA,"3.1446","1",NA
"fish_03","M","2016-06-08",728,"59.8",64.3,NA,"3.0125","1",NA
"fish_04","M","2016-06-08",728,"58.4",62.3,NA,"2.226","1",NA
"fish_05","M","2016-06-08",728,"61.6",67.5,NA,"2.7159","1",NA
"fish_06","M","2016-06-08",728,"69.3",74,NA,"4.1108","1",NA
"fish_07","M","2016-06-08",728,"80",85.5,NA,"6.266","1",NA
"fish_08","M","2016-06-08",728,"65.1",69.4,NA,"3.0793","1",NA
"fish_09","M","2016-06-08",728,"67.7",72.4,NA,"3.4018","1",NA
"fish_10","M","2016-06-08",728,"75.4",82.2,NA,"5.8266","1",NA
"fish_11","M","2016-06-08",728,"66.2",71.6,NA,"3.5101","1",NA
"fish_12","M","2016-06-08",728,"61.3",65.4,NA,"2.3593","1",NA
"fish_13","M","2016-06-08",728,"63",67.5,NA,"2.8478","1",NA
"fish_14","M","2016-06-08",728,"62.2",67.6,NA,"3.4165","1",NA
"fish_15","M","2016-06-08",728,"61.2",66.1,NA,"2.4562","1",NA
"fish_16","M","2016-06-08",728,"62.7",66.9,NA,"3.1411","1",NA
"fish_17","M","2016-06-08",728,"65",69.7,NA,"3.1297","1",NA
"fish_18","M","2016-06-08",728,"55",59.1,NA,"2.1111","1",NA
"fish_19","M","2016-06-08",728,"60",64.7,NA,"2.7686","1",NA
"fish_20","M","2016-06-08",728,"65.4",69.8,NA,"3.3725","1",NA
"fish_21","M","2016-06-08",728,"67.5",72,NA,"3.477","1",NA
"fish_22","M","2016-06-08",728,"60.1",63.8,NA,"2.6154","1",NA
"fish_23","M","2016-06-08",728,"56.2",60.3,NA,"2.145","1",NA
"fish_24","M","2016-06-08",728,"57.9",61.6,NA,"2.0143","1",NA
"fish_25","M","2016-06-08",728,"61.4",65.7,NA,"2.7737","1",NA
"fish_26","F","2016-06-08",728,"69",73.4,NA,"3.4453","1",NA
"fish_27","F","2016-06-08",728,"73.8",79.7,NA,"4.6301","1",NA
"fish_28","F","2016-06-08",728,"75.7",81.3,NA,"6.6256","1",NA
"fish_29","F","2016-06-08",728,"80.1",87.2,NA,"7.944","1",NA
"fish_30","F","2016-06-08",728,"76.1",80,NA,"5.4463","1",NA
"fish_31","F","2016-06-08",728,"78.2",82.3,NA,"5.9358","1",NA
"fish_32","F","2016-06-08",728,"73.3",78.6,NA,"4.7092","1",NA
"fish_33","F","2016-06-08",728,"63",68.2,NA,"3.1902","1",NA
"fish_34","F","2016-06-08",728,"71.9",76.1,NA,"4.8902","1",NA
"fish_35","F","2016-06-08",728,"67.3",71.8,NA,"3.8043","1",NA
"fish_36","F","2016-06-08",728,"59.1",NA,"67.2","2.564","1","nofl"
"fish_37","F","2016-06-08",728,"70.5",76.1,NA,"4.9668","1",NA
"fish_38","F","2016-06-08",728,"80.4",87.3,NA,"5.7966","1",NA
"fish_39","F","2016-06-08",728,"63.5",68.7,NA,"2.9154","1",NA
"fish_40","F","2016-06-08",728,"64.2",68.1,NA,"3.4961","1",NA
"fish_41","F","2016-06-08",728,"70.2",75.1,NA,"4.0358","1",NA
"fish_42","F","2016-06-08",728,"72.1",NA,"83.7","4.2712","1","nofl"
"fish_43","F","2016-06-08",728,"71.5",77.6,NA,"4.5377","1",NA
"fish_44","F","2016-06-08",728,"70",75.5,NA,"4.1996","1",NA
"fish_45","F","2016-06-08",728,"66.5",71.2,NA,"3.5919","1",NA
"fish_46","F","2016-06-08",728,"60.6",65.3,NA,"2.8432","1",NA
"fish_47","F","2016-06-08",728,"73.2",77.9,NA,"4.8092","1",NA
"fish_48","F","2016-06-08",728,"69.3",74.2,NA,"3.4683","1",NA
"fish_01","M","2017-06-09",1094,"67",71.3,NA,"3.7294","1",NA
"fish_02","M","2017-06-09",1094,"63.89",69.51,NA,"3.1173","1",NA
"fish_03","M","2017-06-09",1094,"60.9",65.1,NA,"3.0358","1",NA
"fish_04","M","2017-06-09",1094,"58.81",62.28,NA,"2.2364","1",NA
"fish_05","M","2017-06-09",1094,"62",67.46,NA,"2.7301","1",NA
"fish_06","M","2017-06-09",1094,"70.19",75.92,NA,"4.1163","1",NA
"fish_07","M","2017-06-09",1094,"80.67",86.17,NA,"6.3075","1",NA
"fish_08","M","2017-06-09",1094,"64.99",70.38,NA,"3.1125","1",NA
"fish_09","M","2017-06-09",1094,"68.5",73.8,NA,"3.4392","1",NA
"fish_10","M","2017-06-09",1094,"75.92",82.28,NA,"5.8401","1",NA
"fish_11","M","2017-06-09",1094,"66.45",71.42,NA,"3.5283","1",NA
"fish_12","M","2017-06-09",1094,"61.9",65.78,NA,"2.3644","1",NA
"fish_13","M","2017-06-09",1094,"63.73",67.88,NA,"2.8307","1",NA
"fish_14","M","2017-06-09",1094,"63.74",67.89,NA,"3.404","1",NA
"fish_15","M","2017-06-09",1094,"61.52",66.39,NA,"2.4496","1",NA
"fish_16","M","2017-06-09",1094,"63.38",66.81,NA,"3.1662","1",NA
"fish_17","M","2017-06-09",1094,"64.54",69.96,NA,"3.1462","1",NA
"fish_18","M","2017-06-09",1094,"55.23",59.24,NA,"2.1308","1",NA
"fish_19","M","2017-06-09",1094,"60.38",64.42,NA,"2.7785","1",NA
"fish_20","M","2017-06-09",1094,"65.57",69.98,NA,"3.3928","1",NA
"fish_21","M","2017-06-09",1094,"67.5",72.77,NA,"3.4907","1",NA
"fish_22","M","2017-06-09",1094,"60.13",64.99,NA,"2.6426","1",NA
"fish_23","M","2017-06-09",1094,"56.52",60.56,NA,"2.1528","1",NA
"fish_24","M","2017-06-09",1094,"58.42",61.79,NA,"2.1329","1",NA
"fish_25","M","2017-06-09",1094,"61.88",66.08,NA,"2.8169","1",NA
"fish_26","F","2017-06-09",1094,"69.22",74.54,NA,"3.4768","1",NA
"fish_27","F","2017-06-09",1094,"74.1",80.4,NA,"4.6189","1",NA
"fish_28","F","2017-06-09",1094,"75.32",80.56,NA,"6.6466","1",NA
"fish_29","F","2017-06-09",1094,"81.7",88.46,NA,"7.9879","1",NA
"fish_30","F","2017-06-09",1094,"76.11",82.25,NA,"5.4685","1",NA
"fish_31","F","2017-06-09",1094,"77.92",83.68,NA,"5.964","1",NA
"fish_32","F","2017-06-09",1094,"72.74",77.55,NA,"4.7405","1",NA
"fish_33","F","2017-06-09",1094,"63.43",68.43,NA,"3.1378","1",NA
"fish_34","F","2017-06-09",1094,"71.87",76.36,NA,"4.9161","1",NA
"fish_35","F","2017-06-09",1094,"67.72",72.67,NA,"3.8076","1",NA
"fish_36","F","2017-06-09",1094,"59.18",NA,NA,"2.5827","1",NA
"fish_37","F","2017-06-09",1094,"70.69",75.88,NA,"5.0225","1",NA
"fish_38","F","2017-06-09",1094,"80.88",86.43,NA,"5.772","1",NA
"fish_39","F","2017-06-09",1094,"63.09",67.71,NA,"2.949","1",NA
"fish_40","F","2017-06-09",1094,"63.82",68.63,NA,"3.4921","1",NA
"fish_41","F","2017-06-09",1094,"69.4",74.73,NA,"4.0673","1",NA
"fish_42","F","2017-06-09",1094,"72.54",NA,NA,"4.2917","1",NA
"fish_43","F","2017-06-09",1094,"71.05",76.03,NA,"4.5539","1",NA
"fish_44","F","2017-06-09",1094,"69.58",75.03,NA,"4.2348","1",NA
"fish_45","F","2017-06-09",1094,"66.72",70.63,NA,"3.572","1",NA
"fish_46","F","2017-06-09",1094,"60.68",64.27,NA,"2.8461","1",NA
"fish_47","F","2017-06-09",1094,"73.14",79.2,NA,"4.8333","1",NA
"fish_48","F","2017-06-09",1094,"68.83",73.49,NA,"3.4767","1",NA
"fish_01","M","2018-06-07",1457,"66.2",72.5,NA,"3.7108","1",NA
"fish_02","M","2018-06-07",1457,"63",70.2,NA,"3.156","1",NA
"fish_03","M","2018-06-07",1457,"60.4",64.1,NA,"3.0137","1",NA
"fish_04","M","2018-06-07",1457,"58.9",62.5,NA,"2.2364","1",NA
"fish_05","M","2018-06-07",1457,"62",67.9,NA,"2.7446","1",NA
"fish_06","M","2018-06-07",1457,"70.5",75.2,NA,"4.0849","1",NA
"fish_07","M","2018-06-07",1457,"80.8",86.6,NA,"6.3103","1",NA
"fish_08","M","2018-06-07",1457,"64.8",70.4,NA,"3.079","1",NA
"fish_09","M","2018-06-07",1457,"68.3",73.9,NA,"3.413","1",NA
"fish_10","M","2018-06-07",1457,"75.8",82.2,NA,"5.8039","1",NA
"fish_11","M","2018-06-07",1457,"66.8",71.9,NA,"3.527","1",NA
"fish_12","M","2018-06-07",1457,"61.8",66,NA,"2.3748","1",NA
"fish_13","M","2018-06-07",1457,"63.8",68.2,NA,"2.8571","1",NA
"fish_14","M","2018-06-07",1457,"63.4",68.8,NA,"3.399","1",NA
"fish_15","M","2018-06-07",1457,"62.2",66.3,NA,"2.4732","1",NA
"fish_16","M","2018-06-07",1457,"64.1",68.4,NA,"3.1433","1",NA
"fish_17","M","2018-06-07",1457,"66.6",70.9,NA,"3.1466","1",NA
"fish_18","M","2018-06-07",1457,"55.5",59.6,NA,"2.132","1",NA
"fish_19","M","2018-06-07",1457,"60.6",65.4,NA,"2.7737","1",NA
"fish_20","M","2018-06-07",1457,"65.3",69.9,NA,"3.3707","1",NA
"fish_21","M","2018-06-07",1457,"68.1",72.8,NA,"3.5066","1",NA
"fish_22","M","2018-06-07",1457,"60",64.8,NA,"2.638","1",NA
"fish_23","M","2018-06-07",1457,"56.6",60.8,NA,"2.1528","1",NA
"fish_24","M","2018-06-07",1457,"59",62.3,NA,"2.1231","1",NA
"fish_25","M","2018-06-07",1457,"61.1",66.3,NA,"2.7923","1",NA
"fish_26","F","2018-06-07",1457,"69.3",74.2,NA,"3.4597","1",NA
"fish_27","F","2018-06-07",1457,"73.4",79.4,NA,"4.6039","1",NA
"fish_28","F","2018-06-07",1457,"75.4",80.4,NA,"6.6728","1",NA
"fish_29","F","2018-06-07",1457,"79.7",87.4,NA,"7.9972","1",NA
"fish_30","F","2018-06-07",1457,"75.3",81.5,NA,"5.4547","1",NA
"fish_31","F","2018-06-07",1457,"77.7",84.2,NA,"5.9945","1",NA
"fish_32","F","2018-06-07",1457,"72",77.9,NA,"4.692","1",NA
"fish_33","F","2018-06-07",1457,"62.9",67.3,NA,"3.1731","1",NA
"fish_34","F","2018-06-07",1457,"71.5",76.8,NA,"4.929","1",NA
"fish_35","F","2018-06-07",1457,"67.6",73.8,NA,"3.809","1",NA
"fish_36","F","2018-06-07",1457,"59",NA,NA,"2.5876","1","nofl"
"fish_37","F","2018-06-07",1457,"71.6",75.8,NA,"5.0181","1",NA
"fish_38","F","2018-06-07",1457,"80.6",88,NA,"5.7835","1",NA
"fish_39","F","2018-06-07",1457,"63.2",67.2,NA,"2.9183","1",NA
"fish_40","F","2018-06-07",1457,"62.7",67.7,NA,"3.4723","1",NA
"fish_41","F","2018-06-07",1457,"69.5",75.3,NA,"4.0545","1",NA
"fish_42","F","2018-06-07",1457,"71.8",NA,NA,"4.2716","1","nofl"
"fish_43","F","2018-06-07",1457,"71.7",77.6,NA,"4.5273","1",NA
"fish_44","F","2018-06-07",1457,"69.8",75.6,NA,"4.2222","1",NA
"fish_45","F","2018-06-07",1457,"66.2",71.9,NA,"3.5613","1",NA
"fish_46","F","2018-06-07",1457,"62.1",64.9,NA,"2.8384","1",NA
"fish_47","F","2018-06-07",1457,"73.7",77.6,NA,"4.8177","1",NA
"fish_48","F","2018-06-07",1457,"68.9",74.6,NA,"3.498","1",NA
"fish_01","M","2019-05-31",1815,"67.43",71.64,NA,"3.704","1, 2, 3",NA
"fish_02","M","2019-05-31",1815,"64.51",69.45,NA,"3.1767","1, 2, 3",NA
"fish_03","M","2019-05-31",1815,"60.53",64.02,NA,"3.0221","1, 2, 3",NA
"fish_04","M","2019-05-31",1815,"59.54",63.09,NA,"2.2529","1, 2, 3",NA
"fish_05","M","2019-05-31",1815,"62.57",67.83,NA,"2.731","1, 2, 3","nofl"
"fish_06","M","2019-05-31",1815,"70.3",75.09,NA,"4.0942","1, 2, 3",NA
"fish_07","M","2019-05-31",1815,"80.91",86.3,NA,"6.3061","1, 2, 3",NA
"fish_08","M","2019-05-31",1815,"66.01",70.81,NA,"3.0594","1, 2, 3",NA
"fish_09","M","2019-05-31",1815,"67.99",73.26,NA,"3.4128","1, 2, 3",NA
"fish_10","M","2019-05-31",1815,"76.57",82.15,NA,"5.7966","1, 2, 3",NA
"fish_11","M","2019-05-31",1815,"66.41",71.08,NA,"3.5224","1, 2, 3",NA
"fish_12","M","2019-05-31",1815,"61.7",65.42,NA,"2.3521","1, 2, 3",NA
"fish_13","M","2019-05-31",1815,"63.4",68.01,NA,"2.8497","1, 2, 3",NA
"fish_14","M","2019-05-31",1815,"63.35",68.74,NA,"3.3743","1, 2, 3","nofl"
"fish_15","M","2019-05-31",1815,"62.25",65.81,NA,"2.4589","1, 2, 3",NA
"fish_16","M","2019-05-31",1815,"63.59",67.07,NA,"3.1289","1, 2, 3",NA
"fish_17","M","2019-05-31",1815,"65.88",70.75,NA,"3.1334","1, 2, 3",NA
"fish_18","M","2019-05-31",1815,"55.86",58.93,NA,"2.118","1, 2, 3",NA
"fish_19","M","2019-05-31",1815,"61.34",65.62,NA,"2.7571","1, 2, 3",NA
"fish_20","M","2019-05-31",1815,"65.95",70.54,NA,"3.38","1, 2, 3",NA
"fish_21","M","2019-05-31",1815,"67.68",72.36,NA,"3.5274","1, 2, 3",NA
"fish_22","M","2019-05-31",1815,"60.15",64.7,NA,"2.6429","1, 2, 3",NA
"fish_23","M","2019-05-31",1815,"56.56",60.26,NA,"2.1464","1, 2, 3",NA
"fish_24","M","2019-05-31",1815,"58.79",62.26,NA,"2.1281","1, 2, 3",NA
"fish_25","M","2019-05-31",1815,"61.31",66.2,NA,"2.7664","1, 2, 3",NA
"fish_26","F","2019-05-31",1815,"68.72",73.88,NA,"3.4704","1, 2, 3",NA
"fish_27","F","2019-05-31",1815,"74.18",80.04,NA,"4.6132","1, 2, 3",NA
"fish_28","F","2019-05-31",1815,"76.02",80.99,NA,"6.6419","1, 2, 3",NA
"fish_29","F","2019-05-31",1815,"81.94",88.4,NA,"7.9651","1, 2, 3",NA
"fish_30","F","2019-05-31",1815,"75.5",81.22,NA,"5.4388","1, 2, 3",NA
"fish_31","F","2019-05-31",1815,"77.28",83.49,NA,"5.9905","1, 2, 3",NA
"fish_32","F","2019-05-31",1815,"72.55",76.97,NA,"4.6939","1, 2, 3",NA
"fish_33","F","2019-05-31",1815,"63.73",68.96,NA,"3.1846","1, 2, 3",NA
"fish_34","F","2019-05-31",1815,"71.88",76.29,NA,"4.9109","1, 2, 3",NA
"fish_35","F","2019-05-31",1815,"67.47",72.36,NA,"3.8173","1, 2, 3",NA
"fish_36","F","2019-05-31",1815,"59.66",NA,NA,"2.5889","1, 2, 3","nofl"
"fish_37","F","2019-05-31",1815,"70.92",76.16,NA,"4.994","1, 2, 3",NA
"fish_38","F","2019-05-31",1815,"81.19",87.47,NA,"5.8044","1, 2, 3",NA
"fish_39","F","2019-05-31",1815,"63.33",68.53,NA,"2.943","1, 2, 3",NA
"fish_40","F","2019-05-31",1815,"63.03",67.77,NA,"3.5024","1, 2, 3",NA
"fish_41","F","2019-05-31",1815,"68.9",74.45,NA,"4.0627","1, 2, 3",NA
"fish_42","F","2019-05-31",1815,"72.21",NA,NA,"4.2669","1, 2, 3","nofl"
"fish_43","F","2019-05-31",1815,"72.08",77.12,NA,"4.5308","1, 2, 3",NA
"fish_44","F","2019-05-31",1815,"69.69",74.31,NA,"4.173","1, 2, 3",NA
"fish_45","F","2019-05-31",1815,"66.14",70.46,NA,"3.5575","1, 2, 3",NA
"fish_46","F","2019-05-31",1815,"60.83",65.54,NA,"2.8458","1, 2, 3",NA
"fish_47","F","2019-05-31",1815,"73.96",78.67,NA,"4.7839","1, 2, 3",NA
"fish_48","F","2019-05-31",1815,"69.22",74.07,NA,"3.5025","1, 2, 3",NA
"fish_01","M","2020-06-11",2192,"67.15",71.24,NA,"3.7034","1, 2, 3",NA
"fish_02","M","2020-06-11",2192,"64.65",69.79,NA,"3.1314","1, 2, 3",NA
"fish_03","M","2020-06-11",2192,"60.74",NA,NA,"2.9936","1, 2, 3",NA
"fish_04","M","2020-06-11",2192,"59.19",62.66,NA,"2.2331","1, 2, 3",NA
"fish_05","M","2020-06-11",2192,"62.07",67.94,NA,"2.7033","1, 2, 3",NA
"fish_06","M","2020-06-11",2192,"70.24",74.91,NA,"4.0663","1, 2, 3",NA
"fish_07","M","2020-06-11",2192,"81.25",86.6,NA,"6.3031","1, 2, 3",NA
"fish_08","M","2020-06-11",2192,"65.48",70.37,NA,"3.0539","1, 2, 3",NA
"fish_09","M","2020-06-11",2192,"67.98",73.11,NA,"3.3959","1, 2, 3",NA
"fish_10","M","2020-06-11",2192,"75.49",81.2,NA,"5.6702","1, 2, 3",NA
"fish_11","M","2020-06-11",2192,"66.09",70.73,NA,"3.5161","1, 2, 3",NA
"fish_12","M","2020-06-11",2192,"61.72",65.71,NA,"2.3372","1, 2, 3",NA
"fish_13","M","2020-06-11",2192,"63.54",68.64,NA,"2.8228","1, 2, 3",NA
"fish_14","M","2020-06-11",2192,"63.94",67.66,NA,"3.3609","1, 2, 3",NA
"fish_15","M","2020-06-11",2192,"62.06",65.1,NA,"2.4335","1, 2, 3",NA
"fish_16","M","2020-06-11",2192,"62.89",67.12,NA,"3.1197","1, 2, 3",NA
"fish_17","M","2020-06-11",2192,"66.37",70.02,NA,"3.119","1, 2, 3",NA
"fish_18","M","2020-06-11",2192,"55.01",58.78,NA,"2.0884","1, 2, 3",NA
"fish_19","M","2020-06-11",2192,"60.05",63.54,NA,"2.7474","1, 2, 3",NA
"fish_20","M","2020-06-11",2192,"65.48",70.37,NA,"3.3143","1, 2, 3",NA
"fish_21","M","2020-06-11",2192,"67.73",72.26,NA,"3.4806","1, 2, 3",NA
"fish_22","M","2020-06-11",2192,"61",64.9,NA,"2.6143","1, 2, 3",NA
"fish_23","M","2020-06-11",2192,"55.98",61.26,NA,"2.12","1, 2, 3",NA
"fish_24","M","2020-06-11",2192,"58.53",62.42,NA,"2.117","1, 2, 3",NA
"fish_25","M","2020-06-11",2192,"61.15",66.65,NA,"2.794","1, 2, 3",NA
"fish_26","F","2020-06-11",2192,"68.74",74.11,NA,"3.4353","1, 2, 3",NA
"fish_27","F","2020-06-11",2192,"73.37",79.43,NA,"4.5267","1, 2, 3",NA
"fish_28","F","2020-06-11",2192,"76.18",81.02,NA,"6.674","1, 2, 3",NA
"fish_29","F","2020-06-11",2192,"81.18",87.96,NA,"7.9585","1, 2, 3",NA
"fish_30","F","2020-06-11",2192,"75.75",81.72,NA,"5.4195","1, 2, 3",NA
"fish_31","F","2020-06-11",2192,"77.7",83.88,NA,"5.9799","1, 2, 3",NA
"fish_32","F","2020-06-11",2192,"72.59",78.24,NA,"4.6476","1, 2, 3",NA
"fish_33","F","2020-06-11",2192,"62.28",67.38,NA,"3.1754","1, 2, 3",NA
"fish_34","F","2020-06-11",2192,"71.54",76.48,NA,"4.9232","1, 2, 3",NA
"fish_35","F","2020-06-11",2192,"67.83",71.64,NA,"3.7869","1, 2, 3",NA
"fish_36","F","2020-06-11",2192,"59.02",NA,NA,"2.5863","1, 2, 3",NA
"fish_37","F","2020-06-11",2192,"70.91",76,NA,"4.9816","1, 2, 3",NA
"fish_38","F","2020-06-11",2192,"81.28",86.76,NA,"5.7368","1, 2, 3",NA
"fish_39","F","2020-06-11",2192,"62.62",67.62,NA,"2.9136","1, 2, 3",NA
"fish_40","F","2020-06-11",2192,"63.34",68.34,NA,"3.4543","1, 2, 3",NA
"fish_41","F","2020-06-11",2192,"69.08",75.7,NA,"4.0106","1, 2, 3",NA
"fish_42","F","2020-06-11",2192,"72.19",NA,NA,"4.2839","1, 2, 3",NA
"fish_43","F","2020-06-11",2192,"71.44",77.27,NA,"4.5677","1, 2, 3",NA
"fish_44","F","2020-06-11",2192,"69.84",75.73,NA,"4.2016","1, 2, 3",NA
"fish_45","F","2020-06-11",2192,"66.91",71.04,NA,"3.5569","1, 2, 3",NA
"fish_46","F","2020-06-11",2192,"60.24",63.98,NA,"2.8355","1, 2, 3",NA
"fish_47","F","2020-06-11",2192,"73.5",79.5,NA,"4.7545","1, 2, 3",NA
"fish_48","F","2020-06-11",2192,"69.6",75.05,NA,"3.5","1, 2, 3",NA
